,pdb,chain,hetid
0,3RAL,A,04Z499
1,1E1X,A,NW1401
2,4BZD,A,D6I1300
3,2J9M,A,PY8299
4,4FKI,A,09K301
5,3UNJ,A,0BX299
6,1F5Q,A,CL299
7,5OSM,A,AEQ301
8,1OIU,A,N761298
9,3SW4,A,18K299
10,4FKQ,A,42K301
11,1R78,A,FMD299
12,2UZO,A,C621297
13,2W05,A,FRT1299
14,3QQG,A,X06300
15,3PJ8,A,404299
16,3R1Y,A,X76488
17,1GII,A,1PU501
18,3RPR,A,25Z529
19,5ANE,A,SZL1299
20,5JQ8,A,I73301
21,3TIY,A,TIY311
22,4NJ3,A,2KD301
23,4FKG,A,4CK300
24,4FKL,A,CK2300
25,4FKT,A,48K301
26,4FKR,A,45K301
27,1YKR,A,628299
28,1PKD,A,UCN410
29,2UUE,A,MTZ1297
30,1GZ8,A,MBP1300
31,3S0O,A,50Z446
32,3ULI,A,1N3299
33,2W1H,A,L0F1299
34,6Q49,A,HGQ402
35,2C69,A,CT81299
36,2C5Y,A,MTW1298
37,3QQL,A,X03299
38,6Q4A,A,HGW301
39,3F5X,A,EZV300
40,2C6M,A,DT51297
41,4BCN,A,T9N1299
42,2VTR,A,LZB1299
43,4EOP,A,1RO301
44,2R3Q,A,5SC501
45,3R8M,A,Z19486
46,4LYN,A,1YG301
47,1P2A,A,5BN301
